<?xml version="1.0" encoding="UTF-8"?>
<project-private xmlns="http://www.netbeans.org/ns/project-private/1">
    <editor-bookmarks xmlns="http://www.netbeans.org/ns/editor-bookmarks/2" lastBookmarkId="0"/>
    <open-files xmlns="http://www.netbeans.org/ns/projectui-open-files/2">
        <group>
            <file>file:/C:/Users/fback/Desktop/TP3-SIM-V6-Entrega/src/java/Testeadores/TestNormal.java</file>
            <file>file:/C:/Users/fback/Desktop/TP3-SIM-V6-Entrega/web/poisson.jsp</file>
            <file>file:/C:/Users/fback/Desktop/TP3-SIM-V6-Entrega/src/java/Modelo/Intervalos.java</file>
            <file>file:/C:/Users/fback/Desktop/TP3-SIM-V6-Entrega/src/java/Testeadores/TestPoisson.java</file>
            <file>file:/C:/Users/fback/Desktop/TP3-SIM-V6-Entrega/src/java/Generadores/Normal.java</file>
        </group>
    </open-files>
</project-private>
